{"01-10-2018":{"UdayGarud":{"in":"","out":"7:47 pm"},"AkshayJadhav":{"in":"","out":""},"MeenalSahu":{"in":"","out":""},"NishaMane":{"in":"","out":""},"SumitPathare":{"in":"","out":""},"SnehalMunjewar":{"in":"","out":""},"PriyankaUrgunde":{"in":"","out":""},"GauravPatil":{"in":"","out":""},"MadhubalaChandak":{"in":"","out":""},"ShrutikaJadhav":{"in":"","out":""},"SaukhyaMahure":{"in":"","out":""},"SujitPasalkar":{"in":"","out":""}},"28-09-2018":{"UdayGarud":{"in":"10:20 am","out":""},"AkshayJadhav":{"in":"","out":""},"MeenalSahu":{"in":"","out":""},"NishaMane":{"in":"","out":""},"SumitPathare":{"in":"","out":""},"SnehalMunjewar":{"in":"","out":""},"PriyankaUrgunde":{"in":"","out":""},"GauravPatil":{"in":"","out":""},"MadhubalaChandak":{"in":"","out":""},"ShrutikaJadhav":{"in":"","out":""},"SaukhyaMahure":{"in":"","out":""},"SujitPasalkar":{"in":"","out":""}}}