{"03-10-2018":{"UdayGarud":{"in":"1:08 pm","out":""},"AkshayJadhav":{"in":"1:44 pm","out":""},"MeenalSahu":{"in":"1:45 pm","out":"7:20 pm"},"NishaMane":{"in":"1:18 pm","out":"7:48 pm"},"SumitPathare":{"in":"1:43 pm","out":"9:42 pm"},"SnehalMunjewar":{"in":"1:43 pm","out":"7:43 pm"},"PriyankaUrgunde":{"in":"1:43 pm","out":"7:39 pm"},"GauravPatil":{"in":"1:43 pm","out":"7:52 pm"},"MadhubalaChandak":{"in":"1:43 pm","out":"8:09 pm"},"ShrutikaJadhav":{"in":"1:43 pm","out":"7:34 pm"},"SaukhyaMahure":{"in":"","out":""},"SujitPasalkar":{"in":"1:43 pm","out":"7:20 pm"}}}