{"03-10-2018":{"UdayGarud":{"in":"1:08 pm","out":""},"AkshayJadhav":{"in":"1:44 pm","out":""},"MeenalSahu":{"in":"1:45 pm","out":"7:20 pm"},"NishaMane":{"in":"1:18 pm","out":"7:48 pm"},"SumitPathare":{"in":"1:43 pm","out":"9:42 pm"},"SnehalMunjewar":{"in":"1:43 pm","out":"7:43 pm"},"PriyankaUrgunde":{"in":"1:43 pm","out":"7:39 pm"},"GauravPatil":{"in":"1:43 pm","out":"7:52 pm"},"MadhubalaChandak":{"in":"1:43 pm","out":"8:09 pm"},"ShrutikaJadhav":{"in":"1:43 pm","out":"7:34 pm"},"SaukhyaMahure":{"in":"","out":""},"SujitPasalkar":{"in":"1:43 pm","out":"7:20 pm"}},"04-10-2018":{"UdayGarud":{"in":"1:08 pm","out":""},"AkshayJadhav":{"in":"1:44 pm","out":""},"MeenalSahu":{"in":"12:36 pm","out":"7:11 pm"},"NishaMane":{"in":"10:03 am","out":"7:28 pm"},"SumitPathare":{"in":"3:12 pm","out":"9:42 pm"},"SnehalMunjewar":{"in":"10:38 am","out":"7:17 pm"},"PriyankaUrgunde":{"in":"10:02 am","out":"7:06 pm"},"GauravPatil":{"in":"10:02 am","out":"7:39 pm"},"MadhubalaChandak":{"in":"10:02 am","out":"7:01 pm"},"ShrutikaJadhav":{"in":"10:06 am","out":"7:06 pm"},"SaukhyaMahure":{"in":"10:06 am","out":"7:11 pm"},"SujitPasalkar":{"in":"10:13 am","out":"7:20 pm"}}}