{"03-10-2018":{"UdayGarud":{"in":"1:08 pm","out":""},"AkshayJadhav":{"in":"1:44 pm","out":""},"MeenalSahu":{"in":"1:45 pm","out":"7:20 pm"},"NishaMane":{"in":"1:18 pm","out":"7:48 pm"},"SumitPathare":{"in":"1:43 pm","out":"9:42 pm"},"SnehalMunjewar":{"in":"1:43 pm","out":"7:43 pm"},"PriyankaUrgunde":{"in":"1:43 pm","out":"7:39 pm"},"GauravPatil":{"in":"1:43 pm","out":"7:52 pm"},"MadhubalaChandak":{"in":"1:43 pm","out":"8:09 pm"},"ShrutikaJadhav":{"in":"1:43 pm","out":"7:34 pm"},"SaukhyaMahure":{"in":"","out":""},"SujitPasalkar":{"in":"1:43 pm","out":"7:20 pm"}},"04-10-2018":{"UdayGarud":{"in":"1:08 pm","out":""},"AkshayJadhav":{"in":"1:44 pm","out":""},"MeenalSahu":{"in":"12:36 pm","out":"7:11 pm"},"NishaMane":{"in":"10:03 am","out":"7:28 pm"},"SumitPathare":{"in":"3:12 pm","out":"9:42 pm"},"SnehalMunjewar":{"in":"10:38 am","out":"7:17 pm"},"PriyankaUrgunde":{"in":"10:02 am","out":"7:06 pm"},"GauravPatil":{"in":"10:02 am","out":"7:39 pm"},"MadhubalaChandak":{"in":"10:02 am","out":"7:01 pm"},"ShrutikaJadhav":{"in":"10:06 am","out":"7:06 pm"},"SaukhyaMahure":{"in":"10:06 am","out":"7:11 pm"},"SujitPasalkar":{"in":"10:13 am","out":"7:20 pm"}},"05-10-2018":{"UdayGarud":{"in":"1:08 pm","out":"8:23 pm"},"AkshayJadhav":{"in":"12:27 pm","out":"8:29 pm"},"MeenalSahu":{"in":"11:26 am","out":"7:04 pm"},"NishaMane":{"in":"10:07 am","out":"7:27 pm"},"SumitPathare":{"in":"10:34 am","out":"9:42 pm"},"SnehalMunjewar":{"in":"10:01 am","out":"7:16 pm"},"PriyankaUrgunde":{"in":"10:04 am","out":"7:08 pm"},"GauravPatil":{"in":"10:01 am","out":"7:09 pm"},"MadhubalaChandak":{"in":"10:02 am","out":"7:01 pm"},"ShrutikaJadhav":{"in":"10:00 am","out":"6:59 pm"},"SaukhyaMahure":{"in":"10:01 am","out":"7:00 pm"},"SujitPasalkar":{"in":"10:09 am","out":"7:17 pm"}}}