{"03-10-2018":{"UdayGarud":{"in":"1:08 pm","out":""},"AkshayJadhav":{"in":"1:44 pm","out":""},"MeenalSahu":{"in":"1:45 pm","out":"7:20 pm"},"NishaMane":{"in":"1:18 pm","out":"7:48 pm"},"SumitPathare":{"in":"1:43 pm","out":"9:42 pm"},"SnehalMunjewar":{"in":"1:43 pm","out":"7:43 pm"},"PriyankaUrgunde":{"in":"1:43 pm","out":"7:39 pm"},"GauravPatil":{"in":"1:43 pm","out":"7:52 pm"},"MadhubalaChandak":{"in":"1:43 pm","out":"8:09 pm"},"ShrutikaJadhav":{"in":"1:43 pm","out":"7:34 pm"},"SaukhyaMahure":{"in":"","out":""},"SujitPasalkar":{"in":"1:43 pm","out":"7:20 pm"}},"04-10-2018":{"UdayGarud":{"in":"1:08 pm","out":""},"AkshayJadhav":{"in":"1:44 pm","out":""},"MeenalSahu":{"in":"12:36 pm","out":"7:11 pm"},"NishaMane":{"in":"10:03 am","out":"7:28 pm"},"SumitPathare":{"in":"3:12 pm","out":"9:42 pm"},"SnehalMunjewar":{"in":"10:38 am","out":"7:17 pm"},"PriyankaUrgunde":{"in":"10:02 am","out":"7:06 pm"},"GauravPatil":{"in":"10:02 am","out":"7:39 pm"},"MadhubalaChandak":{"in":"10:02 am","out":"7:01 pm"},"ShrutikaJadhav":{"in":"10:06 am","out":"7:06 pm"},"SaukhyaMahure":{"in":"10:06 am","out":"7:11 pm"},"SujitPasalkar":{"in":"10:13 am","out":"7:20 pm"}},"05-10-2018":{"UdayGarud":{"in":"1:08 pm","out":"8:23 pm"},"AkshayJadhav":{"in":"12:27 pm","out":"8:29 pm"},"MeenalSahu":{"in":"11:26 am","out":"7:04 pm"},"NishaMane":{"in":"10:07 am","out":"7:27 pm"},"SumitPathare":{"in":"10:34 am","out":"9:42 pm"},"SnehalMunjewar":{"in":"10:01 am","out":"7:16 pm"},"PriyankaUrgunde":{"in":"10:04 am","out":"7:08 pm"},"GauravPatil":{"in":"10:01 am","out":"7:09 pm"},"MadhubalaChandak":{"in":"10:02 am","out":"7:01 pm"},"ShrutikaJadhav":{"in":"10:00 am","out":"6:59 pm"},"SaukhyaMahure":{"in":"10:01 am","out":"7:00 pm"},"SujitPasalkar":{"in":"10:09 am","out":"7:17 pm"}},"08-10-2018":{"UdayGarud":{"in":"11:13 am","out":"7:42 pm"},"AkshayJadhav":{"in":"11:01 am","out":"7:42 pm"},"MeenalSahu":{"in":"10:23 am","out":"7:07 pm"},"NishaMane":{"in":"10:12 am","out":"7:11 pm"},"SumitPathare":{"in":"10:51 am","out":"8:06 pm"},"SnehalMunjewar":{"in":"11:28 am","out":"7:29 pm"},"PriyankaUrgunde":{"in":"10:09 am","out":"7:17 pm"},"GauravPatil":{"in":"9:53 am","out":"7:12 pm"},"MadhubalaChandak":{"in":"10:15 am","out":"7:12 pm"},"ShrutikaJadhav":{"in":"9:59 am","out":"7:08 pm"},"SaukhyaMahure":{"in":"10:00 am","out":"7:08 pm"},"SujitPasalkar":{"in":"10:09 am","out":"7:17 pm"}},"09-10-2018":{"UdayGarud":{"in":"11:17 am","out":"7:55 pm"},"AkshayJadhav":{"in":"10:25 am","out":"7:42 pm"},"MeenalSahu":{"in":"10:23 am","out":"7:07 pm"},"NishaMane":{"in":"10:03 am","out":"7:15 pm"},"SumitPathare":{"in":"10:28 am","out":"7:29 pm"},"SnehalMunjewar":{"in":"10:36 am","out":"7:15 pm"},"PriyankaUrgunde":{"in":"10:06 am","out":"7:10 pm"},"GauravPatil":{"in":"10:03 am","out":"7:22 pm"},"MadhubalaChandak":{"in":"10:12 am","out":"7:13 pm"},"ShrutikaJadhav":{"in":"10:04 am","out":"7:13 pm"},"SaukhyaMahure":{"in":"10:05 am","out":"7:13 pm"},"SujitPasalkar":{"in":"10:13 am","out":"7:21 pm"}},"10-10-2018":{"UdayGarud":{"in":"11:44 am","out":"8:34 pm"},"AkshayJadhav":{"in":"10:25 am","out":"8:34 pm"},"MeenalSahu":{"in":"10:23 am","out":"7:07 pm"},"NishaMane":{"in":"10:15 am","out":"7:44 pm"},"SumitPathare":{"in":"10:49 am","out":"8:36 pm"},"SnehalMunjewar":{"in":"10:36 am","out":"7:15 pm"},"PriyankaUrgunde":{"in":"10:05 am","out":"6:51 pm"},"GauravPatil":{"in":"10:12 am","out":"7:31 pm"},"MadhubalaChandak":{"in":"10:12 am","out":"7:40 pm"},"ShrutikaJadhav":{"in":"10:01 am","out":"7:08 pm"},"SaukhyaMahure":{"in":"10:02 am","out":"7:08 pm"},"SujitPasalkar":{"in":"10:06 am","out":"7:40 pm"}},"11-10-2018":{"UdayGarud":{"in":"9:43 am","out":"8:18 pm"},"AkshayJadhav":{"in":"10:28 am","out":"8:18 pm"},"MeenalSahu":{"in":"10:23 am","out":"7:07 pm"},"NishaMane":{"in":"10:27 am","out":"7:27 pm"},"SumitPathare":{"in":"10:54 am","out":"7:20 pm"},"SnehalMunjewar":{"in":"10:27 am","out":"5:02 pm"},"PriyankaUrgunde":{"in":"10:05 am","out":"7:20 pm"},"GauravPatil":{"in":"9:53 am","out":"7:30 pm"},"MadhubalaChandak":{"in":"10:42 am","out":"7:40 pm"},"ShrutikaJadhav":{"in":"10:02 am","out":"7:17 pm"},"SaukhyaMahure":{"in":"10:02 am","out":"7:18 pm"},"SujitPasalkar":{"in":"10:17 am","out":"7:27 pm"}},"15-10-2018":{"UdayGarud":{"in":"9:43 am","out":"9:05 pm"},"AkshayJadhav":{"in":"10:28 am","out":"8:18 pm"},"MeenalSahu":{"in":"10:14 am","out":"7:32 pm"},"NishaMane":{"in":"10:13 am","out":"8:54 pm"},"SumitPathare":{"in":"10:28 am","out":"9:05 pm"},"SnehalMunjewar":{"in":"10:52 am","out":"8:48 pm"},"PriyankaUrgunde":{"in":"10:14 am","out":"7:20 pm"},"GauravPatil":{"in":"9:57 am","out":"8:48 pm"},"MadhubalaChandak":{"in":"10:12 am","out":"7:13 pm"},"ShrutikaJadhav":{"in":"9:57 am","out":"7:13 pm"},"SaukhyaMahure":{"in":"9:57 am","out":"7:13 pm"},"SujitPasalkar":{"in":"10:12 am","out":"7:27 pm"}},"16-10-2018":{"UdayGarud":{"in":"12:36 pm","out":"9:05 pm"},"AkshayJadhav":{"in":"11:15 am","out":"9:18 pm"},"MeenalSahu":{"in":"10:23 am","out":"7:11 pm"},"NishaMane":{"in":"10:24 am","out":"7:32 pm"},"SumitPathare":{"in":"10:25 am","out":"9:46 pm"},"SnehalMunjewar":{"in":"10:37 am","out":"7:32 pm"},"PriyankaUrgunde":{"in":"10:11 am","out":"7:41 pm"},"GauravPatil":{"in":"9:57 am","out":"7:32 pm"},"MadhubalaChandak":{"in":"10:11 am","out":"7:15 pm"},"ShrutikaJadhav":{"in":"9:55 am","out":"7:07 pm"},"SaukhyaMahure":{"in":"9:55 am","out":"7:11 pm"},"SujitPasalkar":{"in":"10:16 am","out":"7:41 pm"}},"17-10-2018":{"UdayGarud":{"in":"11:09 am","out":"9:05 pm"},"AkshayJadhav":{"in":"10:27 am","out":"10:23 pm"},"MeenalSahu":{"in":"11:25 am","out":"7:34 pm"},"NishaMane":{"in":"10:09 am","out":"7:45 pm"},"SumitPathare":{"in":"11:19 am","out":"9:46 pm"},"SnehalMunjewar":{"in":"10:57 am","out":"7:34 pm"},"PriyankaUrgunde":{"in":"10:13 am","out":"7:36 pm"},"GauravPatil":{"in":"10:15 am","out":"3:59 pm"},"MadhubalaChandak":{"in":"10:24 am","out":"7:34 pm"},"ShrutikaJadhav":{"in":"9:33 am","out":"4:00 pm"},"SaukhyaMahure":{"in":"12:29 pm","out":"7:35 pm"},"SujitPasalkar":{"in":"10:16 am","out":"5:39 pm"}},"19-10-2018":{"UdayGarud":{"in":"10:15 am","out":"7:32 pm"},"AkshayJadhav":{"in":"10:14 am","out":"7:33 pm"},"MeenalSahu":{"in":"10:23 am","out":"7:23 pm"},"NishaMane":{"in":"10:11 am","out":"7:33 pm"},"SumitPathare":{"in":"11:19 am","out":"9:46 pm"},"SnehalMunjewar":{"in":"10:36 am","out":"7:15 pm"},"PriyankaUrgunde":{"in":"10:18 am","out":"7:39 pm"},"GauravPatil":{"in":"8:46 am","out":"3:59 pm"},"MadhubalaChandak":{"in":"10:18 am","out":"7:39 pm"},"ShrutikaJadhav":{"in":"9:33 am","out":"4:00 pm"},"SaukhyaMahure":{"in":"10:57 am","out":"7:31 pm"},"SujitPasalkar":{"in":"10:09 am","out":"7:31 pm"}},"22-10-2018":{"UdayGarud":{"in":"12:09 pm","out":"8:42 pm"},"AkshayJadhav":{"in":"10:28 am","out":"8:17 pm"},"MeenalSahu":{"in":"10:39 am","out":"7:27 pm"},"NishaMane":{"in":"10:24 am","out":"7:36 pm"},"SumitPathare":{"in":"10:15 am","out":"9:46 pm"},"SnehalMunjewar":{"in":"10:44 am","out":"7:26 pm"},"PriyankaUrgunde":{"in":"10:14 am","out":"6:22 pm"},"GauravPatil":{"in":"11:12 am","out":"7:57 pm"},"MadhubalaChandak":{"in":"10:10 am","out":"7:31 pm"},"ShrutikaJadhav":{"in":"9:48 am","out":"4:00 pm"},"SaukhyaMahure":{"in":"10:52 am","out":"7:42 pm"},"SujitPasalkar":{"in":"10:10 am","out":"7:36 pm"}},"23-10-2018":{"UdayGarud":{"in":"12:04 pm","out":"7:28 pm"},"AkshayJadhav":{"in":"10:14 am","out":"9:13 pm"},"MeenalSahu":{"in":"12:04 pm","out":"7:19 pm"},"NishaMane":{"in":"10:15 am","out":"7:51 pm"},"SumitPathare":{"in":"10:31 am","out":"10:08 pm"},"SnehalMunjewar":{"in":"10:47 am","out":"7:19 pm"},"PriyankaUrgunde":{"in":"10:19 am","out":"7:37 pm"},"GauravPatil":{"in":"10:14 am","out":"7:17 pm"},"MadhubalaChandak":{"in":"10:19 am","out":"7:28 pm"},"ShrutikaJadhav":{"in":"12:43 pm","out":"7:07 pm"},"SaukhyaMahure":{"in":"10:15 am","out":"7:07 pm"},"SujitPasalkar":{"in":"10:15 am","out":"7:47 pm"}},"24-10-2018":{"UdayGarud":{"in":"12:04 pm","out":"7:45 pm"},"AkshayJadhav":{"in":"10:26 am","out":"7:53 pm"},"MeenalSahu":{"in":"12:04 pm","out":"7:45 pm"},"NishaMane":{"in":"10:13 am","out":"8:08 pm"},"SumitPathare":{"in":"10:30 am","out":"8:13 pm"},"SnehalMunjewar":{"in":"10:20 am","out":"7:00 pm"},"PriyankaUrgunde":{"in":"10:12 am","out":"7:37 pm"},"GauravPatil":{"in":"10:10 am","out":"7:20 pm"},"MadhubalaChandak":{"in":"10:13 am","out":"7:37 pm"},"ShrutikaJadhav":{"in":"10:22 am","out":"7:19 pm"},"SaukhyaMahure":{"in":"10:22 am","out":"7:21 pm"},"SujitPasalkar":{"in":"10:15 am","out":"7:21 pm"}},"25-10-2018":{"UdayGarud":{"in":"12:04 pm","out":"9:13 pm"},"AkshayJadhav":{"in":"10:27 am","out":"7:59 pm"},"MeenalSahu":{"in":"10:35 am","out":"7:18 pm"},"NishaMane":{"in":"10:23 am","out":"7:57 pm"},"SumitPathare":{"in":"10:23 am","out":"8:41 pm"},"SnehalMunjewar":{"in":"10:49 am","out":"7:56 pm"},"PriyankaUrgunde":{"in":"10:14 am","out":"7:00 pm"},"GauravPatil":{"in":"10:10 am","out":"7:20 pm"},"MadhubalaChandak":{"in":"10:20 am","out":"7:38 pm"},"ShrutikaJadhav":{"in":"10:14 am","out":"7:17 pm"},"SaukhyaMahure":{"in":"10:15 am","out":"7:20 pm"},"SujitPasalkar":{"in":"10:15 am","out":"7:20 pm"}},"26-10-2018":{"UdayGarud":{"in":"11:22 am","out":"7:24 pm"},"AkshayJadhav":{"in":"10:42 am","out":"7:12 pm"},"MeenalSahu":{"in":"10:28 am","out":"7:06 pm"},"NishaMane":{"in":"10:15 am","out":"7:08 pm"},"SumitPathare":{"in":"10:31 am","out":"7:07 pm"},"SnehalMunjewar":{"in":"10:31 am","out":"7:06 pm"},"PriyankaUrgunde":{"in":"10:15 am","out":"7:24 pm"},"GauravPatil":{"in":"10:10 am","out":"7:20 pm"},"MadhubalaChandak":{"in":"10:21 am","out":"7:05 pm"},"ShrutikaJadhav":{"in":"10:14 am","out":"7:05 pm"},"SaukhyaMahure":{"in":"10:15 am","out":"7:07 pm"},"SujitPasalkar":{"in":"10:15 am","out":"7:08 pm"}}}